{
  "project_info": {
    "project_number": "725263096845",
    "project_id": "voyage-42446",
    "storage_bucket": "voyage-42446.appspot.com"
  },
  "client": [
    {
      "client_info": {
        "mobilesdk_app_id": "1:725263096845:android:e13a7686f39cfe80704944",
        "android_client_info": {
          "package_name": "com.example.vaccationapp"
        }
      },
      "oauth_client": [
        {
          "client_id": "725263096845-qinti607o8lg469f9a6cgl3opg9g0q3c.apps.googleusercontent.com",
          "client_type": 1,
          "android_info": {
            "package_name": "com.example.vaccationapp",
            "certificate_hash": "6428b11bd0046445b8425e9a6ef02a0c6388c1f1"
          }
        },
        {
          "client_id": "725263096845-n99luin51n4md35siarpief6m6di8326.apps.googleusercontent.com",
          "client_type": 3
        }
      ],
      "api_key": [
        {
          "current_key": "AIzaSyBjAjOlIbO1RSua2-qksh9IlirXKN8-5rM"
        }
      ],
      "services": {
        "appinvite_service": {
          "other_platform_oauth_client": [
            {
              "client_id": "725263096845-n99luin51n4md35siarpief6m6di8326.apps.googleusercontent.com",
              "client_type": 3
            }
          ]
        }
      }
    }
  ],
  "configuration_version": "1"
}