{
  "project_info": {
    "project_number": "721019437997",
    "project_id": "agencevoyage-15f1b",
    "storage_bucket": "agencevoyage-15f1b.appspot.com"
  },
  "client": [
    {
      "client_info": {
        "mobilesdk_app_id": "1:721019437997:android:ac5888e23e434af39c1724",
        "android_client_info": {
          "package_name": "com.example.vaccationapp"
        }
      },
      "oauth_client": [
        {
          "client_id": "721019437997-8govadl26d3k9l30fdfap43t73rvo2kf.apps.googleusercontent.com",
          "client_type": 3
        }
      ],
      "api_key": [
        {
          "current_key": "AIzaSyDFYE8qt6BwQYyox5gvXgMUO_p2n_yrGX4"
        }
      ],
      "services": {
        "appinvite_service": {
          "other_platform_oauth_client": [
            {
              "client_id": "721019437997-8govadl26d3k9l30fdfap43t73rvo2kf.apps.googleusercontent.com",
              "client_type": 3
            }
          ]
        }
      }
    }
  ],
  "configuration_version": "1"
}